City_ID,City,Country,Date,Lat,Lng,Max Temp,Humidity,Cloudiness,Wind Speed
0,Faanui,PF,2020-07-08 16:49:13,-16.48,-151.75,76.87,81,56,29.26
1,Santa Rosa,PH,2020-07-08 16:49:13,14.31,121.11,82.99,77,72,1.01
2,Cidreira,BR,2020-07-08 16:49:13,-30.18,-50.21,62.04,80,100,20.38
3,Bluff,NZ,2020-07-08 16:49:13,-46.6,168.33,39.0,83,91,3.0
4,Punta Arenas,CL,2020-07-08 16:46:29,-53.15,-70.92,28.4,92,75,4.7
5,Yellowknife,CA,2020-07-08 16:49:13,62.46,-114.35,59.0,62,75,9.17
6,San Patricio,MX,2020-07-08 16:49:13,19.22,-104.7,80.6,88,90,13.87
7,Nantucket,US,2020-07-08 16:49:13,41.28,-70.1,71.6,83,1,10.29
8,Bredasdorp,ZA,2020-07-08 16:49:14,-34.53,20.04,62.6,55,16,2.24
9,Ribeira Grande,PT,2020-07-08 16:49:14,38.52,-28.7,71.6,73,75,13.87
10,Shache,CN,2020-07-08 16:49:14,38.42,77.24,85.42,13,36,9.73
11,Mahebourg,MU,2020-07-08 16:49:14,-20.41,57.7,71.6,73,75,12.75
12,Constitucion,CL,2020-07-08 16:48:03,-35.33,-72.42,53.42,61,33,2.28
13,Hami,CN,2020-07-08 16:49:14,42.8,93.45,81.72,19,7,9.82
14,Sao Filipe,CV,2020-07-08 16:49:14,14.9,-24.5,79.45,80,81,8.41
15,Talnakh,RU,2020-07-08 16:49:14,69.49,88.4,53.6,66,9,20.13
16,Fort-Shevchenko,KZ,2020-07-08 16:49:14,44.51,50.26,91.94,30,0,20.87
17,Busselton,AU,2020-07-08 16:49:14,-33.65,115.33,44.01,88,24,4.88
18,Tual,ID,2020-07-08 16:49:15,-5.67,132.75,79.25,82,97,22.84
19,Santo Domingo,DO,2020-07-08 16:47:11,18.5,-69.99,91.4,63,40,11.41
20,Port Blair,IN,2020-07-08 16:46:30,11.67,92.75,80.65,78,58,6.46
21,Cape Town,ZA,2020-07-08 16:49:15,-33.93,18.42,63.0,62,63,4.7
22,Albany,US,2020-07-08 16:49:15,42.6,-73.97,86.0,65,75,9.17
23,East London,ZA,2020-07-08 16:49:15,-33.02,27.91,68.61,55,0,19.08
24,Kailua,US,2020-07-08 16:49:15,21.4,-157.74,77.0,69,75,10.29
25,Rikitea,PF,2020-07-08 16:49:15,-23.12,-134.97,67.08,63,21,19.35
26,Severo-Kurilsk,RU,2020-07-08 16:49:16,50.68,156.12,48.22,92,100,15.59
27,Okhotsk,RU,2020-07-08 16:49:16,59.38,143.3,45.28,92,1,2.21
28,Port Elizabeth,ZA,2020-07-08 16:49:16,-33.92,25.57,60.8,87,0,4.7
29,Vaini,TO,2020-07-08 16:49:16,-21.2,-175.2,69.8,94,75,4.7
30,Barrow,US,2020-07-08 16:49:16,71.29,-156.79,35.6,93,1,13.87
31,Klyuchi,RU,2020-07-08 16:49:16,52.27,79.17,67.17,69,18,7.27
32,Souillac,MU,2020-07-08 16:49:16,-20.52,57.52,71.6,73,75,12.75
33,Kapaa,US,2020-07-08 16:49:16,22.08,-159.32,78.8,74,90,16.11
34,Kaitangata,NZ,2020-07-08 16:49:16,-46.28,169.85,44.01,79,99,10.0
35,Aklavik,CA,2020-07-08 16:49:16,68.22,-135.01,44.6,87,90,4.7
36,Sao Joao Da Barra,BR,2020-07-08 16:49:16,-21.64,-41.05,82.4,48,0,9.17
37,Arman,RU,2020-07-08 16:49:16,59.7,150.17,50.02,95,100,7.7
38,Shihezi,CN,2020-07-08 16:49:17,44.3,86.03,76.95,29,3,5.01
39,Te Anau,NZ,2020-07-08 16:49:17,-45.42,167.72,37.85,91,94,0.22
40,Portland,US,2020-07-08 16:49:17,45.52,-122.68,64.0,77,90,5.82
41,Ilulissat,GL,2020-07-08 16:49:17,69.22,-51.1,55.4,50,75,11.41
42,Nemuro,JP,2020-07-08 16:49:17,43.32,145.57,59.5,99,98,3.27
43,Guerrero Negro,MX,2020-07-08 16:49:17,27.98,-114.06,77.92,49,1,9.26
44,Hamilton,US,2020-07-08 16:44:31,39.18,-84.53,91.99,62,1,4.7
45,Juruti,BR,2020-07-08 16:45:03,-2.15,-56.09,88.84,52,29,3.22
46,Maskinonge,CA,2020-07-08 16:49:18,46.23,-73.02,79.0,78,90,6.93
47,Norman Wells,CA,2020-07-08 16:49:18,65.28,-126.83,57.2,76,75,9.17
48,Manono,CD,2020-07-08 16:49:18,-7.3,27.42,81.97,28,0,3.38
49,Georgetown,MY,2020-07-08 16:49:18,5.41,100.34,78.8,100,20,4.7
50,Remontnoye,RU,2020-07-08 16:49:18,46.56,43.65,96.01,18,20,8.95
51,Mataura,NZ,2020-07-08 16:49:18,-46.19,168.86,39.0,83,98,3.0
52,Geraldton,AU,2020-07-08 16:48:56,-28.77,114.6,48.2,93,27,4.7
53,Mehamn,NO,2020-07-08 16:49:18,71.04,27.85,46.4,93,90,5.82
54,Tete,MZ,2020-07-08 16:49:18,-16.16,33.59,78.8,44,40,13.87
55,Cabinda,AO,2020-07-08 16:49:18,-5.55,12.2,74.71,75,30,8.25
56,Bengkulu,ID,2020-07-08 16:49:19,-3.8,102.27,75.49,89,98,5.55
57,New Norfolk,AU,2020-07-08 16:49:19,-42.78,147.06,37.0,92,2,2.62
58,Pitimbu,BR,2020-07-08 16:49:19,-7.47,-34.81,82.4,65,40,12.75
59,Sao Jose Da Coroa Grande,BR,2020-07-08 16:49:19,-8.9,-35.15,80.33,71,28,5.08
60,Benalla,AU,2020-07-08 16:49:19,-36.55,145.98,42.01,100,0,4.7
61,Vostok,RU,2020-07-08 16:49:19,46.49,135.88,54.48,100,100,3.62
62,Kupang,ID,2020-07-08 16:45:49,-10.17,123.58,75.52,79,57,11.83
63,Itarema,BR,2020-07-08 16:49:19,-2.92,-39.92,84.56,63,27,11.74
64,Massaguet,TD,2020-07-08 16:49:19,12.48,15.44,93.2,44,0,4.7
65,Castro,BR,2020-07-08 16:49:20,-24.79,-50.01,62.11,83,91,11.23
66,Tessalit,ML,2020-07-08 16:49:20,20.2,1.01,108.54,6,0,13.35
67,Port Alfred,ZA,2020-07-08 16:49:20,-33.59,26.89,60.01,86,0,1.99
68,Iralaya,HN,2020-07-08 16:49:20,15.0,-83.23,87.8,74,75,8.05
69,Saint George,US,2020-07-08 16:49:20,37.1,-113.58,93.99,12,1,3.36
70,Nikolskoye,RU,2020-07-08 16:49:20,59.7,30.79,64.4,59,40,6.71
71,Vila Velha,BR,2020-07-08 16:47:38,-20.33,-40.29,82.4,54,20,13.87
72,Christchurch,NZ,2020-07-08 16:49:20,-43.53,172.63,39.2,86,98,9.17
73,Qaanaaq,GL,2020-07-08 16:49:20,77.48,-69.36,46.45,55,0,4.09
74,Saldanha,ZA,2020-07-08 16:49:20,-33.01,17.94,64.4,48,45,3.36
75,Jamestown,US,2020-07-08 16:46:31,42.1,-79.24,80.6,65,1,6.93
76,Hobart,AU,2020-07-08 16:48:53,-42.88,147.33,37.99,93,0,1.12
77,Carnarvon,AU,2020-07-08 16:49:21,-24.87,113.63,60.8,87,0,11.41
78,Touros,BR,2020-07-08 16:49:22,-5.2,-35.46,82.4,65,40,13.87
79,Plastun,RU,2020-07-08 16:49:22,44.76,136.29,57.63,93,78,2.06
80,Balaka,MW,2020-07-08 16:49:22,-14.98,34.96,66.74,64,48,9.17
81,Lompoc,US,2020-07-08 16:45:15,34.64,-120.46,55.4,93,90,6.93
82,Archidona,ES,2020-07-08 16:49:23,37.1,-4.39,95.0,21,73,4.0
83,Soyo,AO,2020-07-08 16:49:23,-6.13,12.37,74.55,75,0,8.55
84,Los Llanos De Aridane,ES,2020-07-08 16:49:23,28.66,-17.92,84.99,73,20,16.11
85,Karratha,AU,2020-07-08 16:49:23,-20.74,116.85,67.1,31,0,9.53
86,Alyangula,AU,2020-07-08 16:49:23,-13.85,136.42,64.4,100,6,10.65
87,Bella Union,UY,2020-07-08 16:49:23,-30.28,-57.6,50.23,79,75,6.76
88,Hilo,US,2020-07-08 16:49:23,19.73,-155.09,71.6,83,20,6.93
89,Walvis Bay,NA,2020-07-08 16:49:23,-22.96,14.51,64.4,59,0,8.05
90,Ponta Do Sol,PT,2020-07-08 16:49:23,32.67,-17.1,75.0,68,0,2.46
91,Huhi,MX,2020-07-08 16:49:24,20.72,-89.17,91.0,70,75,13.87
92,Pangnirtung,CA,2020-07-08 16:49:24,66.15,-65.71,44.6,87,75,17.22
93,Grenada,ES,2020-07-08 16:46:28,37.19,-3.61,98.6,13,36,23.04
94,Cabo San Lucas,MX,2020-07-08 16:44:43,22.89,-109.91,90.0,48,40,3.36
95,Saskylakh,RU,2020-07-08 16:49:24,71.92,114.08,54.46,72,21,11.12
96,Mar Del Plata,AR,2020-07-08 16:49:24,-38.0,-57.56,48.2,70,75,5.82
97,Atuona,PF,2020-07-08 16:49:24,-9.8,-139.03,79.36,76,7,13.47
98,Novyy Buh,UA,2020-07-08 16:49:24,47.69,32.52,68.0,56,60,13.42
99,Tiarei,PF,2020-07-08 16:49:25,-17.53,-149.33,71.6,88,20,2.24
100,Ballina,AU,2020-07-08 16:49:25,-28.87,153.57,55.4,93,90,9.17
101,Beloha,MG,2020-07-08 16:49:25,-25.17,45.05,65.71,76,0,14.85
102,Prince Rupert,CA,2020-07-08 16:49:26,54.32,-130.32,57.2,87,90,1.61
103,Makasar,ID,2020-07-08 16:49:26,-5.14,119.42,77.0,100,20,3.36
104,Puerto Ayora,EC,2020-07-08 16:49:26,-0.74,-90.35,69.01,94,93,1.99
105,Fortuna,US,2020-07-08 16:44:40,40.6,-124.16,59.0,93,90,5.82
106,Loandjili,CG,2020-07-08 16:49:28,-4.76,11.86,77.0,73,20,8.05
107,Ushuaia,AR,2020-07-08 16:49:28,-54.8,-68.3,42.8,70,75,3.36
108,Nishihara,JP,2020-07-08 16:49:28,26.18,127.76,84.2,89,75,13.87
109,Avarua,CK,2020-07-08 16:49:28,-21.21,-159.78,73.4,64,99,16.11
110,Kristiansund,NO,2020-07-08 16:49:28,63.11,7.73,51.8,76,75,18.34
111,Angoche,MZ,2020-07-08 16:49:28,-16.23,39.91,72.73,84,24,9.57
112,Belaya Gora,RU,2020-07-08 16:49:28,68.53,146.42,49.87,88,84,4.7
113,Port Macquarie,AU,2020-07-08 16:47:03,-31.43,152.92,52.0,97,61,4.63
114,Kinston,US,2020-07-08 16:49:28,35.26,-77.58,84.2,70,75,10.29
115,Yulara,AU,2020-07-08 16:49:28,-25.24,130.99,44.6,45,81,4.7
116,Provideniya,RU,2020-07-08 16:49:29,64.38,-173.3,47.79,88,99,3.0
117,Atambua,ID,2020-07-08 16:49:29,-9.11,124.89,69.69,88,90,5.88
118,Saint-Philippe,RE,2020-07-08 16:49:29,-21.36,55.77,68.0,72,19,8.05
119,Korla,CN,2020-07-08 16:49:32,41.76,86.15,89.01,61,21,3.0
120,Codrington,AU,2020-07-08 16:49:33,-38.27,141.97,42.35,91,2,6.8
121,Nanortalik,GL,2020-07-08 16:49:33,60.14,-45.24,43.5,83,83,6.64
122,Koumac,NC,2020-07-08 16:49:34,-20.57,164.28,67.08,78,63,9.22
123,Fukue,JP,2020-07-08 16:49:34,32.69,128.84,74.77,87,92,6.73
124,Tukrah,LY,2020-07-08 16:49:34,32.53,20.58,78.89,76,0,12.53
125,Araouane,ML,2020-07-08 16:49:35,18.9,-3.53,112.8,6,35,3.22
126,Ilula,TZ,2020-07-08 16:49:35,-7.68,36.04,68.0,60,20,2.24
127,Viransehir,TR,2020-07-08 16:49:35,37.24,39.76,89.28,17,39,5.59
128,Dingle,PH,2020-07-08 16:49:35,11.0,122.67,77.77,82,91,2.93
129,Chicama,PE,2020-07-08 16:49:35,-7.84,-79.15,71.64,57,96,11.03
130,Hermanus,ZA,2020-07-08 16:49:35,-34.42,19.23,60.96,46,31,8.03
131,Pell City,US,2020-07-08 16:49:35,33.59,-86.29,80.6,94,1,5.57
132,Cherskiy,RU,2020-07-08 16:49:35,68.75,161.3,59.14,64,1,5.88
133,Nepomuk,CZ,2020-07-08 16:49:35,49.49,13.58,60.01,89,100,6.24
134,Linfen,CN,2020-07-08 16:48:52,36.09,111.52,79.68,62,84,6.58
135,Anloga,GH,2020-07-08 16:49:36,5.79,0.9,80.6,78,40,14.99
136,Tuatapere,NZ,2020-07-08 16:49:36,-46.13,167.68,39.0,83,99,3.0
137,Indramayu,ID,2020-07-08 16:49:36,-6.33,108.32,78.42,73,52,9.71
138,Polunochnoye,RU,2020-07-08 16:49:36,60.87,60.42,75.47,70,10,4.63
139,Kannur,IN,2020-07-08 16:49:36,11.87,75.36,79.86,85,100,2.93
140,Kahului,US,2020-07-08 16:49:36,20.89,-156.47,75.0,81,7,5.01
141,Teya,RU,2020-07-08 16:49:36,60.38,92.63,58.73,88,96,7.72
142,Tasiilaq,GL,2020-07-08 16:49:36,65.61,-37.64,46.4,65,20,13.87
143,North Myrtle Beach,US,2020-07-08 16:47:44,33.82,-78.68,84.0,88,90,5.35
144,Atasu,KZ,2020-07-08 16:49:37,48.68,71.64,69.22,52,11,11.27
145,Isangel,VU,2020-07-08 16:49:37,-19.55,169.27,69.75,83,38,14.12
146,Inhambane,MZ,2020-07-08 16:49:37,-23.86,35.38,69.8,77,20,2.24
147,Mackenzie,CA,2020-07-08 16:45:18,55.3,-123.17,55.4,82,90,6.93
148,Alto Araguaia,BR,2020-07-08 16:49:37,-17.31,-53.22,85.53,32,2,9.44
149,Hithadhoo,MV,2020-07-08 16:49:37,-0.6,73.08,85.5,69,62,4.94
150,Chuy,UY,2020-07-08 16:49:37,-33.7,-53.46,51.28,91,100,9.15
151,Arraial Do Cabo,BR,2020-07-08 16:49:37,-22.97,-42.03,86.0,51,98,14.99
152,Hay River,CA,2020-07-08 16:49:37,60.82,-115.8,62.6,63,20,2.24
153,Iqaluit,CA,2020-07-08 16:49:37,63.75,-68.51,44.6,87,90,4.7
154,Sitka,US,2020-07-08 16:49:37,57.05,-135.33,55.4,87,90,4.7
155,Vestmannaeyjar,IS,2020-07-08 16:49:38,63.44,-20.27,51.8,76,75,18.34
156,Vanimo,PG,2020-07-08 16:49:39,-2.67,141.3,78.33,86,93,7.07
157,Swan Hill,AU,2020-07-08 16:46:16,-35.34,143.55,43.3,89,64,5.32
158,Airai,TL,2020-07-08 16:49:39,-8.93,125.41,56.12,100,83,3.69
159,Thunder Bay,CA,2020-07-08 16:45:16,48.4,-89.32,77.0,73,90,9.17
160,High Level,CA,2020-07-08 16:49:39,58.52,-117.14,57.2,82,90,5.82
161,Padang,ID,2020-07-08 16:49:39,-0.95,100.35,76.19,81,100,2.48
162,Garissa,KE,2020-07-08 16:49:39,-0.45,39.64,82.74,52,84,21.65
163,Palana,RU,2020-07-08 16:49:40,59.12,159.97,49.87,96,84,4.05
164,Victoria,HK,2020-07-08 16:45:23,22.29,114.16,86.0,74,100,13.0
165,Merauke,ID,2020-07-08 16:49:40,-8.47,140.33,77.04,80,99,15.66
166,Saint-Francois,FR,2020-07-08 16:49:40,46.42,3.91,86.0,27,0,3.36
167,Bambous Virieux,MU,2020-07-08 16:49:40,-20.34,57.76,71.6,73,75,12.75
168,Grand Gaube,MU,2020-07-08 16:49:41,-20.01,57.66,66.99,81,2,1.99
169,Tuktoyaktuk,CA,2020-07-08 16:49:41,69.45,-133.04,35.6,100,90,5.82
170,Minas,UY,2020-07-08 16:49:41,-34.38,-55.24,51.01,100,90,9.17
171,Port Lincoln,AU,2020-07-08 16:49:41,-34.73,135.87,50.63,54,0,14.65
172,Petropavlovsk-Kamchatskiy,RU,2020-07-08 16:49:41,53.05,158.65,50.0,100,90,4.47
173,Tansen,NP,2020-07-08 16:49:41,27.87,83.55,68.11,100,99,1.99
174,Russell,US,2020-07-08 16:46:50,32.35,-85.2,84.99,74,90,19.46
175,Husavik,IS,2020-07-08 16:49:41,66.04,-17.34,57.2,58,20,10.29
176,Kendari,ID,2020-07-08 16:49:42,-3.94,122.5,74.19,92,78,2.08
177,Luderitz,NA,2020-07-08 16:49:42,-26.65,15.16,64.4,59,0,13.87
178,Kodiak,US,2020-07-08 16:49:42,57.79,-152.41,60.8,59,1,9.17
179,Kalabo,ZM,2020-07-08 16:49:42,-14.97,22.68,64.89,29,0,2.24
180,Mount Gambier,AU,2020-07-08 16:49:43,-37.83,140.77,44.6,81,90,9.17
181,Lavrentiya,RU,2020-07-08 16:49:43,65.58,-171.0,44.69,89,80,2.26
182,Turayf,SA,2020-07-08 16:49:43,31.67,38.66,95.0,17,56,9.17
183,Longyearbyen,SJ,2020-07-08 16:49:43,78.22,15.64,48.2,76,75,4.7
184,Khatanga,RU,2020-07-08 16:49:43,71.97,102.5,56.84,54,24,13.33
185,Tiksi,RU,2020-07-08 16:49:43,71.69,128.87,34.57,96,100,6.35
186,Caravelas,BR,2020-07-08 16:49:43,-17.71,-39.25,79.02,52,0,6.22
187,Ziro,IN,2020-07-08 16:49:43,27.63,93.83,60.96,100,100,1.3
188,Bandar-E Lengeh,IR,2020-07-08 16:49:46,26.56,54.88,96.8,47,43,3.8
189,Krasnorechenskiy,RU,2020-07-08 16:49:46,44.63,135.35,53.51,91,26,3.6
190,Saint-Augustin,CA,2020-07-08 16:49:47,51.23,-58.65,65.48,70,86,22.01
191,Muscat,OM,2020-07-08 16:45:55,23.61,58.59,89.6,79,20,3.36
192,Ajaccio,FR,2020-07-08 16:49:47,42.0,8.92,80.6,74,48,8.05
193,Oshnaviyeh,IR,2020-07-08 16:49:47,37.04,45.1,82.4,34,20,2.24
194,Ancud,CL,2020-07-08 16:49:47,-41.87,-73.82,48.0,81,40,5.82
195,Vardo,NO,2020-07-08 16:49:47,70.37,31.11,50.0,93,20,13.87
196,Chokurdakh,RU,2020-07-08 16:49:48,70.63,147.92,42.75,86,83,8.84
197,Corinto,GR,2020-07-08 16:48:16,37.94,22.96,86.0,47,10,4.0
198,Cacu,BR,2020-07-08 16:49:48,-18.56,-51.13,87.53,28,16,7.94
199,Ayacucho,PE,2020-07-08 16:49:48,-13.16,-74.22,62.6,21,20,5.82
200,Matveyevka,RU,2020-07-08 16:49:48,52.15,56.18,78.8,54,20,4.47
201,Staroaleyskoye,RU,2020-07-08 16:49:49,51.01,82.0,60.22,90,6,6.91
202,Ghogha,IN,2020-07-08 16:49:49,21.68,72.28,85.66,77,5,17.27
203,Coruripe,BR,2020-07-08 16:49:49,-10.13,-36.18,80.47,70,11,5.84
204,Coachella,US,2020-07-08 16:47:53,33.68,-116.17,96.01,18,1,5.14
205,Pevek,RU,2020-07-08 16:49:49,69.7,170.31,43.0,76,100,2.1
206,Hailin,CN,2020-07-08 16:49:49,44.58,129.42,56.55,71,85,2.57
207,Bermejo,AR,2020-07-08 16:49:49,-32.88,-68.8,50.0,53,32,13.87
208,Cayenne,GF,2020-07-08 16:48:00,4.93,-52.33,86.0,66,35,1.12
209,Rocha,UY,2020-07-08 16:49:50,-34.48,-54.33,47.57,91,100,12.57
210,Makokou,GA,2020-07-08 16:49:50,0.57,12.86,79.29,66,49,1.68
211,Chumikan,RU,2020-07-08 16:49:50,54.72,135.31,46.8,93,58,4.32
212,Torbay,CA,2020-07-08 16:49:50,47.67,-52.73,64.99,67,40,13.87
213,Quartucciu,IT,2020-07-08 16:49:50,39.25,9.18,87.8,65,0,9.17
214,Tommot,RU,2020-07-08 16:49:50,58.96,126.29,53.1,91,22,2.89
215,Jiexiu,CN,2020-07-08 16:49:50,37.02,111.91,69.93,80,100,4.94
216,Banihal,IN,2020-07-08 16:49:50,33.42,75.2,68.43,74,50,3.62
217,Rio Grande,BR,2020-07-08 16:48:48,-32.03,-52.1,53.6,93,90,23.04
218,Ulladulla,AU,2020-07-08 16:49:50,-35.35,150.47,44.6,100,0,5.82
219,Ketchikan,US,2020-07-08 16:49:51,55.34,-131.65,55.4,93,90,5.82
220,Lazaro Cardenas,MX,2020-07-08 16:49:51,17.96,-102.2,78.44,80,100,3.87
221,San Quintin,MX,2020-07-08 16:49:51,30.48,-115.95,71.38,67,72,8.63
222,Bairiki,KI,2020-07-08 16:49:51,1.33,172.98,82.4,78,20,10.29
223,Riyadh,SA,2020-07-08 16:48:50,24.69,46.72,105.8,10,29,9.17
224,Savannakhet,LA,2020-07-08 16:49:51,16.57,104.75,80.74,77,100,6.02
225,Narsaq,GL,2020-07-08 16:49:51,60.92,-46.05,53.6,62,75,8.05
226,Bethel,US,2020-07-08 16:49:51,41.37,-73.41,82.99,69,75,6.93
227,Albacete,ES,2020-07-08 16:49:52,38.83,-2.0,84.2,32,20,17.22
228,Conde,BR,2020-07-08 16:49:52,-7.26,-34.91,82.4,65,40,12.75
229,Payakumbuh,ID,2020-07-08 16:49:52,-0.22,100.63,69.85,90,100,1.77
230,Upernavik,GL,2020-07-08 16:49:52,72.79,-56.15,43.57,66,25,10.0
231,Zabid,YE,2020-07-08 16:49:53,14.2,43.32,95.68,31,100,16.64
232,Kota Kinabalu,MY,2020-07-08 16:50:00,5.97,116.07,77.0,94,20,6.93
233,Puerto Madryn,AR,2020-07-08 16:50:03,-42.77,-65.04,51.6,44,19,16.8
234,Bathsheba,BB,2020-07-08 16:50:03,13.22,-59.52,87.8,62,40,24.16
235,Cururupu,BR,2020-07-08 16:48:58,-1.83,-44.87,84.13,72,2,4.54
236,Richards Bay,ZA,2020-07-08 16:50:03,-28.78,32.04,63.07,74,21,10.18
237,Flinders,AU,2020-07-08 16:50:03,-34.58,150.86,48.99,85,7,1.99
238,Marfino,RU,2020-07-08 16:50:04,55.7,37.38,72.0,93,75,13.42
239,Iberia,US,2020-07-08 16:50:04,29.95,-91.75,87.8,66,20,8.05
240,Tautira,PF,2020-07-08 16:50:04,-17.73,-149.15,71.6,88,20,2.24
241,Qasigiannguit,GL,2020-07-08 16:50:04,68.82,-51.19,55.4,50,75,11.41
242,Tilichiki,RU,2020-07-08 16:50:04,60.47,166.1,48.43,100,100,5.66
243,Bunumbu,SL,2020-07-08 16:50:04,8.17,-10.87,80.46,86,74,4.32
244,Mossendjo,CG,2020-07-08 16:50:04,-2.95,12.73,78.19,63,7,3.18
245,Kudahuvadhoo,MV,2020-07-08 16:50:05,2.67,72.89,84.72,66,37,1.54
246,Tazovskiy,RU,2020-07-08 16:50:05,67.47,78.7,53.71,73,41,16.78
247,Verkhneyarkeyevo,RU,2020-07-08 16:50:05,55.45,54.31,74.46,81,0,4.72
248,Saint-Pierre,RE,2020-07-08 16:50:05,-21.34,55.48,68.0,72,0,8.05
249,Lorengau,PG,2020-07-08 16:50:05,-2.02,147.27,81.01,82,68,10.85
250,Mandurah,AU,2020-07-08 16:49:06,-32.55,115.7,57.99,99,37,8.59
251,Thompson,CA,2020-07-08 16:45:13,55.74,-97.86,73.4,40,75,3.36
252,Qaqortoq,GL,2020-07-08 16:50:05,60.72,-46.03,53.6,62,75,8.05
253,Asau,RO,2020-07-08 16:50:05,46.43,26.4,68.0,58,34,0.63
254,Jaru,BR,2020-07-08 16:50:06,-10.44,-62.47,91.33,41,8,3.56
255,Yeppoon,AU,2020-07-08 16:47:23,-23.13,150.73,59.0,87,5,8.05
256,Lockhart,US,2020-07-08 16:50:06,28.62,-81.44,78.8,83,75,9.17
257,Bandarbeyla,SO,2020-07-08 16:50:06,9.49,50.81,81.45,69,68,30.44
258,Dukat,RU,2020-07-08 16:50:06,62.55,155.55,46.27,93,100,7.18
259,Bima,ID,2020-07-08 16:50:06,-8.47,118.72,72.93,89,31,4.56
260,Lima,PE,2020-07-08 16:47:52,-12.04,-77.03,62.6,77,90,8.05
261,Naze,JP,2020-07-08 16:50:06,28.37,129.48,80.6,100,75,9.17
262,Klaksvik,FO,2020-07-08 16:50:06,62.23,-6.59,53.6,76,56,12.75
263,Dikson,RU,2020-07-08 16:50:07,73.51,80.55,43.88,86,46,15.9
264,Jacareacanga,BR,2020-07-08 16:50:07,-6.22,-57.75,90.12,45,37,1.68
265,Itoman,JP,2020-07-08 16:50:07,26.12,127.67,84.2,89,75,13.87
266,Oytal,KZ,2020-07-08 16:50:07,42.91,73.27,76.55,31,99,2.46
267,Ust-Maya,RU,2020-07-08 16:50:07,60.42,134.53,51.03,93,0,2.46
268,Lodwar,KE,2020-07-08 16:50:08,3.12,35.6,89.78,32,96,6.58
269,Vilyuysk,RU,2020-07-08 16:50:08,63.76,121.62,58.42,55,76,4.41
270,Mitsamiouli,KM,2020-07-08 16:50:08,-11.38,43.28,78.48,81,27,7.07
271,Springbok,ZA,2020-07-08 16:50:08,-29.66,17.89,58.26,32,0,8.39
272,Hibbing,US,2020-07-08 16:50:08,47.43,-92.94,66.2,93,1,6.93
273,Cockburn Town,TC,2020-07-08 16:50:08,21.46,-71.14,86.0,74,75,12.75
274,Port-Cartier,CA,2020-07-08 16:50:08,50.03,-66.87,64.4,93,90,2.24
275,Alappuzha,IN,2020-07-08 16:50:08,9.49,76.33,80.4,85,100,6.96
276,Llangefni,GB,2020-07-08 16:50:09,53.26,-4.31,59.0,93,90,8.05
277,Ternate,ID,2020-07-08 16:45:50,0.8,127.4,80.1,77,95,2.53
278,Shingu,JP,2020-07-08 16:50:10,33.73,135.98,72.55,93,100,6.96
279,Linguere,SN,2020-07-08 16:50:10,15.4,-15.12,99.95,25,11,20.6
280,Manaure,CO,2020-07-08 16:50:10,11.78,-72.44,87.8,70,40,11.41
281,Unai,BR,2020-07-08 16:50:10,-16.36,-46.91,85.53,30,14,1.72
282,Puerto Madero,MX,2020-07-08 16:50:10,14.72,-92.42,87.8,70,40,8.05
283,Abu Samrah,SY,2020-07-08 16:50:10,35.3,37.18,81.79,34,0,13.29
284,Farmersville,US,2020-07-08 16:50:10,36.3,-119.21,81.0,45,0,4.12
285,Kavieng,PG,2020-07-08 16:50:11,-2.57,150.8,81.82,79,64,13.82
286,Ust-Kuyga,RU,2020-07-08 16:50:11,70.02,135.6,47.79,89,100,4.76
287,Hillsborough,US,2020-07-08 16:50:11,37.57,-122.38,68.0,67,20,3.36
288,Novosheshminsk,RU,2020-07-08 16:50:11,55.07,51.23,75.88,85,0,6.44
289,Gizo,SB,2020-07-08 16:50:11,-8.1,156.84,81.97,75,98,5.99
290,Pringsewu,ID,2020-07-08 16:50:11,-5.36,104.97,73.72,94,87,2.62
291,Atar,MR,2020-07-08 16:50:11,20.52,-13.05,117.82,5,23,21.3
292,Mozarlandia,BR,2020-07-08 16:50:12,-14.74,-50.57,89.82,26,1,5.39
293,Christiana,ZA,2020-07-08 16:50:12,-27.91,25.16,55.06,45,0,12.1
294,Henties Bay,NA,2020-07-08 16:50:13,-22.12,14.28,62.47,50,0,6.38
295,Wangqing,CN,2020-07-08 16:50:13,43.32,129.76,56.28,74,42,0.96
296,Jumla,NP,2020-07-08 16:50:13,29.27,82.18,62.65,70,82,1.86
297,Mauguio,FR,2020-07-08 16:50:13,43.62,4.01,87.8,39,0,12.75
298,Gat,IL,2020-07-08 16:46:05,31.61,34.76,82.99,65,0,3.0
299,San Cristobal,VE,2020-07-08 16:47:16,7.77,-72.22,91.4,41,20,18.34
300,Ape,LV,2020-07-08 16:50:14,57.54,26.69,57.87,90,34,5.06
301,Lagoa,PT,2020-07-08 16:50:14,39.05,-27.98,69.31,82,60,9.8
302,Byron Bay,AU,2020-07-08 16:50:15,-28.65,153.62,55.4,93,90,9.17
303,Kochi,IN,2020-07-08 16:50:15,9.94,76.26,78.8,94,75,5.28
304,Phangnga,TH,2020-07-08 16:50:15,8.45,98.53,77.0,100,40,1.12
305,Huntsville,US,2020-07-08 16:49:44,34.73,-86.59,84.99,78,75,6.93
306,Zacualpan,MX,2020-07-08 16:50:16,21.25,-105.17,75.2,83,75,6.93
307,College,US,2020-07-08 16:50:16,64.86,-147.8,55.4,76,90,5.82
308,Kaoma,ZM,2020-07-08 16:50:16,-14.78,24.8,64.9,31,0,3.83
309,Asyut,EG,2020-07-08 16:50:16,27.18,31.18,94.6,17,0,11.34
310,Etaples,FR,2020-07-08 16:50:16,50.52,1.63,62.6,93,90,12.75
311,Vila Franca Do Campo,PT,2020-07-08 16:50:17,37.72,-25.43,71.6,68,75,11.41
312,Pacific Grove,US,2020-07-08 16:46:00,36.62,-121.92,57.2,82,90,5.73
313,Whitley Bay,GB,2020-07-08 16:50:17,55.04,-1.45,55.99,71,75,8.05
314,Lebu,CL,2020-07-08 16:50:17,-37.62,-73.65,50.5,73,76,8.61
315,Soledade,BR,2020-07-08 16:50:17,-28.82,-52.51,51.8,93,90,13.87
316,Aberdeen,GB,2020-07-08 16:48:13,57.14,-2.1,57.0,66,20,11.41
317,Burns Lake,CA,2020-07-08 16:50:17,54.23,-125.75,58.71,54,97,3.71
318,Pisco,PE,2020-07-08 16:50:17,-13.7,-76.22,64.99,72,75,5.82
319,Butaritari,KI,2020-07-08 16:50:17,3.07,172.79,83.26,74,50,15.97
320,Arouca,TT,2020-07-08 16:50:17,10.63,-61.33,89.6,62,40,13.87
321,Alice Springs,AU,2020-07-08 16:48:27,-23.7,133.88,35.6,59,98,2.24
322,Vestmanna,FO,2020-07-08 16:50:18,62.16,-7.17,53.6,76,17,12.75
323,Ulcinj,ME,2020-07-08 16:50:18,41.93,19.22,86.0,23,0,6.93
324,Emilio Carranza,MX,2020-07-08 16:50:18,19.97,-96.61,88.23,59,78,9.28
325,Lugovoy,KZ,2020-07-08 16:50:18,42.95,72.76,75.47,35,98,5.17
326,Santa Maria,BR,2020-07-08 16:46:37,-29.68,-53.81,53.6,93,90,9.17
327,Agadez,NE,2020-07-08 16:50:18,19.75,10.25,102.87,11,8,9.4
328,Sabha,LY,2020-07-08 16:50:18,27.04,14.43,95.23,12,0,11.83
329,Rawson,AR,2020-07-08 16:50:18,-43.3,-65.1,50.56,47,22,20.33
330,Ankara,TR,2020-07-08 16:47:36,39.92,32.85,82.4,34,40,12.75
331,Kaeng Khoi,TH,2020-07-08 16:50:18,14.59,101.0,87.01,76,100,7.4
332,Santa Maria Do Suacui,BR,2020-07-08 16:50:19,-18.19,-42.41,77.29,37,7,3.53
333,Saint Anthony,US,2020-07-08 16:50:19,45.02,-93.22,82.99,65,1,5.82
334,Thinadhoo,MV,2020-07-08 16:50:19,0.53,72.93,85.21,69,54,4.63
335,Broomall,US,2020-07-08 16:46:55,39.98,-75.36,89.01,69,75,5.82
336,Havre-Saint-Pierre,CA,2020-07-08 16:50:19,50.23,-63.6,62.6,88,90,8.05
337,Avera,US,2020-07-08 16:50:19,33.19,-82.53,82.4,78,75,4.7
338,Port Hedland,AU,2020-07-08 16:50:19,-20.32,118.57,57.2,33,0,5.82
339,Mogadishu,SO,2020-07-08 16:50:19,2.04,45.34,78.87,84,71,15.75
340,Palmer,US,2020-07-08 16:50:19,42.16,-72.33,81.0,78,75,6.93
341,Petukhovo,RU,2020-07-08 16:50:19,55.07,67.9,69.71,74,37,4.16
342,Yar-Sale,RU,2020-07-08 16:50:20,66.83,70.83,62.28,59,5,9.89
343,Singkang,MY,2020-07-08 16:50:22,2.1,102.8,82.4,78,20,2.24
344,Sorland,NO,2020-07-08 16:50:22,67.67,12.69,53.6,71,75,10.29
345,Kenai,US,2020-07-08 16:50:22,60.55,-151.26,57.2,82,90,4.7
346,Urucara,BR,2020-07-08 16:50:23,-2.54,-57.76,89.89,50,22,3.58
347,Praya,CV,2020-07-08 16:50:23,14.92,-23.51,84.2,74,75,10.29
348,Buraydah,SA,2020-07-08 16:50:23,26.33,43.98,102.2,17,0,14.99
349,Alta Floresta,BR,2020-07-08 16:45:48,-9.88,-56.09,95.5,28,9,2.48
350,Huarmey,PE,2020-07-08 16:50:23,-10.07,-78.15,68.04,64,74,12.21
351,Kyra,RU,2020-07-08 16:50:23,49.58,111.98,60.71,88,99,6.46
352,Pinega,RU,2020-07-08 16:50:23,64.7,43.39,66.2,91,100,8.86
353,Najran,SA,2020-07-08 16:50:23,17.49,44.13,98.6,13,40,9.17
354,Teguldet,RU,2020-07-08 16:50:24,57.31,88.17,63.1,85,100,6.71
355,Staryy Nadym,RU,2020-07-08 16:50:24,65.61,72.68,62.28,61,0,7.0
356,Emba,KZ,2020-07-08 16:50:24,48.83,58.14,74.01,57,94,2.66
357,Broken Hill,AU,2020-07-08 16:50:24,-31.95,141.43,42.8,81,86,9.17
358,Rio Gallegos,AR,2020-07-08 16:50:24,-51.62,-69.22,37.4,64,64,1.12
359,Kurumkan,RU,2020-07-08 16:50:24,54.3,110.3,60.39,78,5,3.51
360,Nossa Senhora Das Dores,BR,2020-07-08 16:50:24,-10.49,-37.19,82.4,65,40,6.93
361,Pak Phanang,TH,2020-07-08 16:50:24,8.35,100.2,79.43,82,80,5.23
362,Ginir,ET,2020-07-08 16:50:24,7.13,40.7,61.39,87,53,7.7
363,Kapuskasing,CA,2020-07-08 16:46:17,49.42,-82.43,82.4,51,40,4.7
364,Ina,JP,2020-07-08 16:50:26,35.83,137.95,66.0,97,100,1.99
365,Xingtai,CN,2020-07-08 16:50:26,37.06,114.49,79.95,73,100,6.46
366,Acarau,BR,2020-07-08 16:45:50,-2.89,-40.12,85.05,62,34,10.09
367,Liuzhou,CN,2020-07-08 16:50:26,24.31,109.39,80.37,86,100,7.16
368,Aksarka,RU,2020-07-08 16:50:26,66.56,67.8,64.38,59,0,10.11
369,Green River,US,2020-07-08 16:50:26,41.53,-109.47,68.0,24,1,9.17
370,Songjianghe,CN,2020-07-08 16:50:26,42.19,127.48,52.23,78,0,3.78
371,Orsta,NO,2020-07-08 16:46:35,62.2,6.13,54.0,66,75,6.93
372,Bhatkal,IN,2020-07-08 16:50:26,13.97,74.57,79.9,84,95,5.12
373,Quatre Cocos,MU,2020-07-08 16:50:26,-20.21,57.76,71.6,73,75,12.75
374,Kahta,TR,2020-07-08 16:50:27,37.79,38.62,87.8,23,61,4.7
375,Andros Town,BS,2020-07-08 16:50:27,24.7,-77.77,87.8,62,75,4.7
376,Salalah,OM,2020-07-08 16:50:27,17.02,54.09,82.4,88,75,8.05
377,Mahon,ES,2020-07-08 16:50:27,39.89,4.27,84.2,37,0,6.93
378,Coahuayana,MX,2020-07-08 16:50:27,18.73,-103.68,77.0,83,75,1.72
379,Arlington,US,2020-07-08 16:50:07,32.74,-97.11,91.0,66,75,6.93
380,Yamada,JP,2020-07-08 16:50:27,39.47,141.95,66.45,87,83,5.5
381,Otane,NZ,2020-07-08 16:50:27,-39.88,176.63,35.01,87,30,4.0
382,Pozo Colorado,PY,2020-07-08 16:50:27,-23.49,-58.8,55.24,76,100,8.12
383,Vadodara,IN,2020-07-08 16:50:28,22.3,73.2,85.96,71,0,14.92
384,Noumea,NC,2020-07-08 16:45:46,-22.28,166.46,68.0,87,75,2.24
385,Nouadhibou,MR,2020-07-08 16:50:28,20.93,-17.03,73.4,83,10,19.46
386,Erzin,TR,2020-07-08 16:50:29,36.96,36.2,81.0,75,0,1.01
387,Ha Tinh,VN,2020-07-08 16:50:29,18.33,105.9,84.45,66,100,6.55
388,Hovd,MN,2020-07-08 16:50:29,48.01,91.64,59.9,60,100,6.62
389,Faya,SA,2020-07-08 16:50:29,18.39,42.45,77.0,50,40,5.82
390,Grindavik,IS,2020-07-08 16:50:29,63.84,-22.43,48.2,76,75,17.22
391,Businga,CD,2020-07-08 16:50:30,3.33,20.88,76.06,80,90,2.08
392,Mazatlan,MX,2020-07-08 16:50:31,23.22,-106.42,75.2,88,90,5.82
393,Charters Towers,AU,2020-07-08 16:50:31,-20.1,146.27,58.1,91,1,8.34
394,Gorontalo,ID,2020-07-08 16:50:31,0.54,123.06,74.62,89,100,2.51
395,Hambantota,LK,2020-07-08 16:50:31,6.12,81.12,80.98,82,99,12.73
396,Santa Maria Del Oro,MX,2020-07-08 16:50:32,25.93,-105.37,81.05,39,0,3.22
397,Harwich,GB,2020-07-08 16:50:32,51.94,1.28,63.0,90,99,1.99
398,Taoudenni,ML,2020-07-08 16:50:32,22.68,-3.98,113.04,5,0,18.77
399,Neiafu,TO,2020-07-08 16:50:33,-18.65,-173.98,71.6,94,20,12.24
400,Ostersund,SE,2020-07-08 16:46:35,63.18,14.64,53.6,54,89,16.11
401,Tlucna,CZ,2020-07-08 16:50:34,49.72,13.24,60.01,87,90,2.24
402,Kununurra,AU,2020-07-08 16:50:34,-15.77,128.73,57.2,28,4,10.36
403,Kishi,NG,2020-07-08 16:50:35,9.08,3.85,78.62,85,94,5.97
404,Launceston,AU,2020-07-08 16:50:35,-41.45,147.17,43.0,93,90,4.7
405,Alofi,NU,2020-07-08 16:45:47,-19.06,-169.92,64.4,100,33,3.36
406,Kastamonu,TR,2020-07-08 16:50:35,41.5,33.67,64.36,79,96,6.08
407,Sawakin,SD,2020-07-08 16:50:36,19.11,37.33,89.94,48,8,8.81
408,Concepcion,CL,2020-07-08 16:50:28,-36.83,-73.05,51.8,76,75,8.05
409,La Seyne-Sur-Mer,FR,2020-07-08 16:50:36,43.1,5.88,82.99,48,0,1.99
410,Belyy Yar,RU,2020-07-08 16:50:36,53.6,91.39,62.6,93,45,2.24
411,Wynyard,AU,2020-07-08 16:50:36,-41.0,145.72,44.01,92,15,3.0
412,Paamiut,GL,2020-07-08 16:50:36,61.99,-49.67,41.88,89,100,20.27
413,Ust-Nera,RU,2020-07-08 16:50:37,64.57,143.2,49.59,70,10,2.64
414,Barabai,ID,2020-07-08 16:50:37,-2.58,115.38,73.67,93,97,1.74
415,Nisia Floresta,BR,2020-07-08 16:50:37,-6.09,-35.21,82.4,65,40,13.87
416,Okha,RU,2020-07-08 16:50:37,53.57,142.95,50.4,95,100,7.58
417,Nova Vicosa,BR,2020-07-08 16:50:37,-17.89,-39.37,78.06,56,2,5.7
418,Belmonte,BR,2020-07-08 16:50:37,-15.86,-38.88,78.8,61,20,4.7
419,Kulhudhuffushi,MV,2020-07-08 16:50:38,6.62,73.07,83.39,72,100,6.02
420,Kavaratti,IN,2020-07-08 16:50:39,10.57,72.64,83.5,78,100,15.75
421,Zhangjiakou,CN,2020-07-08 16:50:39,40.81,114.88,70.88,78,100,1.7
422,Taldan,RU,2020-07-08 16:50:39,53.67,124.8,59.81,64,48,5.35
423,Rozkishne,UA,2020-07-08 16:50:39,48.5,37.59,69.44,84,83,13.06
424,Mayo,US,2020-07-08 16:50:39,38.89,-76.51,87.8,74,1,11.41
425,Benghazi,LY,2020-07-08 16:50:39,32.12,20.07,79.18,77,0,17.9
426,Flin Flon,CA,2020-07-08 16:49:27,54.77,-101.86,68.0,77,90,6.93
427,Tocache,PE,2020-07-08 16:50:39,-8.18,-76.51,83.57,61,77,1.36
428,Kansanshi,ZM,2020-07-08 16:50:39,-12.1,26.43,62.24,41,0,5.23
429,Clyde River,CA,2020-07-08 16:50:39,70.47,-68.59,37.4,100,90,9.17
430,Neustadt,DE,2020-07-08 16:50:40,49.71,12.09,59.0,100,90,4.7
431,La Ronge,CA,2020-07-08 16:50:40,55.1,-105.28,64.4,59,90,13.87
432,Fairbanks,US,2020-07-08 16:50:40,64.84,-147.72,55.4,82,90,6.93
433,Martinho Campos,BR,2020-07-08 16:50:40,-19.33,-45.24,80.1,37,7,7.36
434,Peace River,CA,2020-07-08 16:50:40,56.25,-117.29,60.8,82,75,8.05
435,Labuhan,ID,2020-07-08 16:50:40,-6.88,112.21,76.73,85,6,6.64
436,Logan,US,2020-07-08 16:50:40,41.74,-111.83,71.01,43,1,3.36
437,Tocopilla,CL,2020-07-08 16:50:40,-22.09,-70.2,67.86,42,0,4.36
438,Concordia,AR,2020-07-08 16:48:36,-31.39,-58.02,55.4,66,75,8.05
439,Sakaiminato,JP,2020-07-08 16:50:40,35.55,133.23,73.4,94,75,1.12
440,Hammerfest,NO,2020-07-08 16:50:41,70.66,23.68,48.2,87,75,10.29
441,Biak,ID,2020-07-08 16:50:41,-0.91,122.88,76.68,84,79,6.24
442,Shikarpur,PK,2020-07-08 16:50:41,27.96,68.64,95.0,53,75,11.41
443,Meulaboh,ID,2020-07-08 16:50:41,4.14,96.13,76.05,89,100,7.14
444,Herat,AF,2020-07-08 16:50:41,34.5,62.0,86.0,16,0,3.36
445,Nome,US,2020-07-08 16:50:41,64.5,-165.41,48.0,100,90,3.36
446,Sakakah,SA,2020-07-08 16:50:41,29.97,40.21,98.6,9,0,20.8
447,Vao,NC,2020-07-08 16:50:41,-22.67,167.48,68.2,62,99,15.93
448,Beringovskiy,RU,2020-07-08 16:50:42,63.05,179.32,52.34,74,0,10.09
449,Jimenez,MX,2020-07-08 16:50:43,28.33,-105.4,82.4,39,5,3.36
450,Puerto Vallarta,MX,2020-07-08 16:48:19,20.62,-105.23,84.99,70,75,5.82
451,Tomakivka,UA,2020-07-08 16:50:43,47.82,34.74,66.2,68,75,20.13
452,Hobyo,SO,2020-07-08 16:50:43,5.35,48.53,78.76,80,100,27.16
453,Roma,US,2020-07-08 16:50:43,43.21,-75.46,84.2,58,75,5.82
454,Sioux Lookout,CA,2020-07-08 16:50:46,50.1,-91.92,75.2,60,90,8.05
455,Pangody,RU,2020-07-08 16:50:46,65.85,74.49,60.42,59,8,10.67
456,Umm Lajj,SA,2020-07-08 16:50:46,25.02,37.27,84.61,54,0,5.99
457,Podor,MR,2020-07-08 16:50:46,16.65,-14.96,102.2,33,0,13.87
458,Rio Branco,BR,2020-07-08 16:50:47,-9.97,-67.81,86.0,66,40,5.82
459,Toledo,ES,2020-07-08 16:50:48,39.83,-4.0,96.8,20,80,16.11
460,Labuan,MY,2020-07-08 16:50:48,5.28,115.24,78.8,94,20,5.39
461,Boddam,GB,2020-07-08 16:50:48,57.47,-1.78,55.4,66,20,11.41
462,Mehendiganj,BD,2020-07-08 16:50:48,22.82,90.53,83.14,83,100,11.68
463,Catamarca,AR,2020-07-08 16:50:48,-28.47,-65.79,64.0,46,0,1.99
464,Trairi,BR,2020-07-08 16:50:49,-3.28,-39.27,84.72,61,7,12.48
465,Waddan,LY,2020-07-08 16:50:49,29.16,16.14,93.29,17,0,10.94
466,Trincomalee,LK,2020-07-08 16:50:49,8.57,81.23,81.81,82,100,8.79
467,Pakxe,LA,2020-07-08 16:50:49,15.12,105.78,77.63,85,99,2.98
468,Esperance,AU,2020-07-08 16:50:49,-33.87,121.9,50.0,100,90,9.17
469,Pouembout,NC,2020-07-08 16:50:49,-21.13,164.9,62.35,79,29,5.61
470,Sinnamary,GF,2020-07-08 16:50:49,5.38,-52.95,78.26,87,77,7.83
471,Bulgan,MN,2020-07-08 16:50:49,48.81,103.53,55.27,91,99,8.08
472,Eureka,US,2020-07-08 16:49:01,40.8,-124.16,60.01,100,5,3.0
473,Tonkino,RU,2020-07-08 16:50:49,57.37,46.46,79.12,71,0,10.58
474,Berbera,SO,2020-07-08 16:50:50,10.44,45.01,93.88,44,55,6.15
475,Katsuura,JP,2020-07-08 16:50:50,35.13,140.3,77.0,95,100,1.01
476,Cabedelo,BR,2020-07-08 16:50:16,-6.98,-34.83,82.4,65,40,12.75
477,Porto Novo,BJ,2020-07-08 16:46:58,6.5,2.6,80.6,83,75,12.75
478,Sfantu Gheorghe,RO,2020-07-08 16:50:50,45.87,25.78,69.01,63,3,3.0
479,Waikuku,NZ,2020-07-08 16:50:50,-43.3,172.68,39.2,86,100,9.17
480,Egvekinot,RU,2020-07-08 16:50:50,66.32,-179.17,45.18,96,98,0.98
481,Aden,YE,2020-07-08 16:46:17,12.78,45.04,88.07,67,100,7.4
482,Cuenca,EC,2020-07-08 16:50:50,-2.88,-78.98,66.51,52,28,6.46
483,Paramonga,PE,2020-07-08 16:50:51,-10.67,-77.83,66.7,67,87,11.56
484,Antalaha,MG,2020-07-08 16:50:51,-14.9,50.28,71.67,89,61,9.42
485,Parrita,CR,2020-07-08 16:50:51,9.52,-84.32,71.6,68,90,17.22
486,Aktash,RU,2020-07-08 16:50:51,50.3,87.73,43.02,95,96,3.49
487,Bardiyah,LY,2020-07-08 16:50:51,31.76,25.09,77.27,77,0,14.72
488,Luancheng,CN,2020-07-08 16:50:51,37.88,114.65,75.2,88,75,15.66
489,Gezing,AT,2020-07-08 16:50:51,47.92,13.13,77.0,38,20,8.05
490,Nhulunbuy,AU,2020-07-08 16:50:51,-12.23,136.77,75.2,78,25,10.29
491,Bar Harbor,US,2020-07-08 16:50:52,44.39,-68.2,64.99,100,90,13.87
492,Pizhma,RU,2020-07-08 16:50:52,57.86,47.12,79.36,74,0,9.22
493,Olafsvik,IS,2020-07-08 16:50:52,64.89,-23.71,49.08,73,18,15.61
494,Raudeberg,NO,2020-07-08 16:50:53,61.99,5.14,55.99,80,90,10.83
495,Nyurba,RU,2020-07-08 16:50:53,63.28,118.33,56.21,70,95,4.56
496,Plettenberg Bay,ZA,2020-07-08 16:50:53,-34.05,23.37,61.74,56,0,5.32
497,Durham,US,2020-07-08 16:50:53,36.03,-78.87,86.0,69,75,10.29
498,Urambo,TZ,2020-07-08 16:50:53,-5.07,32.05,74.91,37,44,3.78
499,Juan Aldama,MX,2020-07-08 16:50:54,24.29,-103.39,77.34,38,2,4.85
500,Takayama,JP,2020-07-08 16:50:54,36.13,137.25,73.0,99,100,1.9
501,Chimbote,PE,2020-07-08 16:50:55,-9.09,-78.58,65.5,72,100,11.72
502,Raymond,US,2020-07-08 16:50:55,43.9,-70.47,82.0,77,96,9.01
503,Maarianhamina,AX,2020-07-08 16:50:55,60.1,19.93,53.6,71,90,3.36
504,Suclayin,PH,2020-07-08 16:50:55,15.76,121.55,78.28,82,17,2.15
505,Vieste,IT,2020-07-08 16:50:55,41.88,16.18,80.6,39,0,16.11
506,Nouakchott,MR,2020-07-08 16:50:49,18.09,-15.98,86.0,62,0,29.97
507,Bulaevo,KZ,2020-07-08 16:50:55,54.91,70.44,68.25,68,70,3.44
508,Mardin,TR,2020-07-08 16:50:55,37.31,40.74,86.54,18,45,8.61
509,Kruisfontein,ZA,2020-07-08 16:50:56,-34.0,24.73,55.47,51,0,6.08
510,Billings,US,2020-07-08 16:49:16,45.78,-108.5,71.01,40,40,10.29
511,Ankazoabo,MG,2020-07-08 16:50:56,-22.28,44.52,67.84,38,0,11.36
512,Honningsvag,NO,2020-07-08 16:50:56,70.98,25.97,46.4,93,75,10.29
513,Nalagarh,IN,2020-07-08 16:50:56,31.05,76.72,87.06,54,68,3.94
514,Necochea,AR,2020-07-08 16:50:56,-38.55,-58.74,48.99,75,44,8.99
515,Ilhabela,BR,2020-07-08 16:50:56,-23.78,-45.36,82.47,46,3,5.03
516,Sur,OM,2020-07-08 16:50:56,22.57,59.53,89.91,58,96,13.38
517,Qui Nhon,VN,2020-07-08 16:50:57,13.77,109.23,80.19,81,100,7.18
518,Zaysan,KZ,2020-07-08 16:50:57,47.47,84.87,64.51,50,3,10.51
519,Matagami,CA,2020-07-08 16:47:30,49.75,-77.63,82.4,45,20,8.05
520,Tadine,NC,2020-07-08 16:50:57,-21.55,167.88,67.64,65,97,12.21
521,Dagana,MR,2020-07-08 16:50:57,16.52,-15.51,102.2,33,0,13.87
522,Adrar,MR,2020-07-08 16:50:58,20.5,-10.07,112.51,6,1,24.09
523,Bafq,IR,2020-07-08 16:50:58,31.61,55.41,84.83,22,20,3.87
524,Kaeo,NZ,2020-07-08 16:50:58,-35.1,173.78,48.99,3,0,5.99
525,Hohhot,CN,2020-07-08 16:50:59,40.81,111.65,66.2,88,75,4.47
526,Moyale,KE,2020-07-08 16:50:59,3.52,39.06,71.96,56,80,6.89
527,Boralday,KZ,2020-07-08 16:50:59,43.36,76.86,73.44,34,57,2.08
528,Suntar,RU,2020-07-08 16:50:59,62.14,117.63,58.01,67,47,5.64
529,Cocorit,MX,2020-07-08 16:51:00,27.58,-109.97,89.6,38,75,12.75
530,Juneau,US,2020-07-08 16:46:53,58.3,-134.42,55.0,93,90,6.93
531,Sattur,IN,2020-07-08 16:51:00,9.37,77.93,83.61,64,100,8.05
532,Butzow,DE,2020-07-08 16:51:02,53.85,11.98,64.99,63,75,9.17
533,Praia Da Vitoria,PT,2020-07-08 16:51:02,38.73,-27.07,73.4,78,75,8.57
534,Kungurtug,RU,2020-07-08 16:51:02,50.6,97.52,53.78,83,100,2.04
535,Maniitsoq,GL,2020-07-08 16:51:02,65.42,-52.9,40.93,93,100,13.6
536,Orel-Izumrud,RU,2020-07-08 16:51:02,43.46,39.92,78.01,88,90,22.37
537,Manggar,ID,2020-07-08 16:51:03,-2.88,108.27,79.93,85,100,9.66
538,Saint-Sauveur-Des-Monts,CA,2020-07-08 16:51:04,45.9,-74.17,86.0,74,75,3.36
539,Port Hardy,CA,2020-07-08 16:51:04,50.7,-127.42,55.4,93,90,2.24
540,Buenos Aires,AR,2020-07-08 16:49:09,-34.61,-58.38,54.0,76,75,4.7
541,Kamaishi,JP,2020-07-08 16:51:04,39.27,141.88,67.62,85,96,5.5
542,Nabire,ID,2020-07-08 16:51:04,-3.37,135.48,76.26,89,100,3.2
543,Bontang,ID,2020-07-08 16:51:04,0.13,117.5,78.31,82,34,1.79
544,Dospat,BG,2020-07-08 16:51:06,41.65,24.17,59.58,84,77,2.24
545,De Aar,ZA,2020-07-08 16:51:06,-30.65,24.01,58.86,31,37,14.18
546,Batemans Bay,AU,2020-07-08 16:51:06,-35.72,150.18,44.01,94,1,1.99
547,Gushikawa,JP,2020-07-08 16:51:06,26.35,127.87,84.2,88,75,9.17
548,Ferrandina,IT,2020-07-08 16:51:06,40.5,16.45,91.0,40,5,12.75
549,Bilibino,RU,2020-07-08 16:51:06,68.05,166.44,57.38,65,51,2.17
550,Aykhal,RU,2020-07-08 16:51:06,66.0,111.5,55.4,62,90,8.95
551,Carballo,ES,2020-07-08 16:51:07,43.21,-8.69,73.99,83,2,14.0
552,Banda Aceh,ID,2020-07-08 16:51:08,5.56,95.32,80.98,65,88,8.19
553,Panama City,PA,2020-07-08 16:51:08,8.99,-79.52,82.4,78,40,10.29
554,Sambava,MG,2020-07-08 16:51:08,-14.27,50.17,73.13,88,66,13.71
555,Lufilufi,WS,2020-07-08 16:51:08,-13.87,-171.6,81.7,80,19,16.06
556,Priyutnoye,RU,2020-07-08 16:51:08,46.1,43.51,96.01,15,88,18.01
557,Apiai,BR,2020-07-08 16:51:09,-24.51,-48.84,68.72,54,58,8.84
558,San,ML,2020-07-08 16:50:49,13.3,-4.9,101.86,27,97,9.28
559,Mairana,BO,2020-07-08 16:51:09,-18.12,-63.93,63.99,68,73,6.29
560,Half Moon Bay,US,2020-07-08 16:50:31,37.46,-122.43,68.0,82,5,3.36
561,Margate,GB,2020-07-08 16:51:11,51.38,1.39,64.99,93,100,10.0
562,Manakara,MG,2020-07-08 16:51:11,-22.13,48.02,69.31,74,79,7.14
563,Anadyr,RU,2020-07-08 16:51:11,64.75,177.48,51.8,81,30,4.47
564,Barahona,DO,2020-07-08 16:51:11,18.21,-71.1,91.4,66,40,17.22
565,Rovigo,IT,2020-07-08 16:51:11,45.08,11.79,86.0,37,0,8.41
566,Jiazi,CN,2020-07-08 16:51:11,22.88,116.07,83.14,84,100,14.14
567,Zhigansk,RU,2020-07-08 16:51:11,66.77,123.37,53.62,63,0,9.75
568,Broome,US,2020-07-08 16:51:11,42.25,-75.83,84.0,55,49,5.99
569,Kawalu,ID,2020-07-08 16:51:11,-7.38,108.21,70.0,92,35,0.56
570,Taltal,CL,2020-07-08 16:51:12,-25.4,-70.48,67.5,33,0,5.95
571,Puerto Colombia,CO,2020-07-08 16:51:12,10.99,-74.95,82.4,83,40,3.36
572,Tahlequah,US,2020-07-08 16:51:12,35.92,-94.97,87.8,58,40,3.36
573,Nizhnyaya Poyma,RU,2020-07-08 16:51:12,56.16,97.19,60.12,84,8,6.91
